log_price,log_area,area_scaled,bedrooms_scaled,bathrooms_scaled,stories_scaled,parking_scaled,area_category
16.40327466837995,8.912069097970134,0.3965635738831615,0.6000000000000001,0.3333333333333333,0.6666666666666667,0.6666666666666666,Medium
16.32103657658766,9.10063710688422,0.5024054982817869,0.6000000000000001,1.0,1.0,1.0,Medium
16.32103657658766,9.206432747145165,0.5711340206185567,0.4000000000000001,0.3333333333333333,0.3333333333333333,0.6666666666666666,Medium
16.31817534454053,8.922791623969637,0.40206185567010305,0.6000000000000001,0.3333333333333333,0.3333333333333333,1.0,Medium
16.250000809480674,8.912069097970134,0.3965635738831615,0.6000000000000001,0.0,0.3333333333333333,0.6666666666666666,Medium
16.19967573011664,8.922791623969637,0.40206185567010305,0.4000000000000001,0.6666666666666667,0.0,0.6666666666666666,Medium
16.132984361974234,9.057305735807121,0.47628865979381435,0.6000000000000001,0.6666666666666667,1.0,0.6666666666666666,Medium
16.132984361974234,9.692828247710418,0.9999999999999998,0.8,0.6666666666666667,0.3333333333333333,0.0,Large
16.105010512726782,8.999742789830492,0.4432989690721649,0.6000000000000001,0.0,0.3333333333333333,0.6666666666666666,Medium
16.097893045681612,8.657129031713755,0.281786941580756,0.4000000000000001,0.3333333333333333,1.0,0.3333333333333333,Small
16.097893045681612,9.488047863280759,0.7938144329896906,0.4000000000000001,0.0,0.3333333333333333,0.6666666666666666,Large
16.085675862997316,8.699681400989514,0.29896907216494845,0.6000000000000001,0.6666666666666667,0.3333333333333333,0.6666666666666666,Small
16.04659975666463,8.787372988731876,0.3367697594501718,0.6000000000000001,0.3333333333333333,0.3333333333333333,0.3333333333333333,Medium
16.039052551842968,8.160803920954665,0.12714776632302405,0.6000000000000001,0.3333333333333333,0.3333333333333333,0.6666666666666666,Small
16.039052551842968,8.962007209588313,0.422680412371134,0.4000000000000001,0.3333333333333333,0.3333333333333333,0.0,Medium
16.02378508137718,8.699681400989514,0.29896907216494845,0.6000000000000001,0.0,0.3333333333333333,0.6666666666666666,Small
16.02378508137718,8.79497643168877,0.34020618556701027,0.6000000000000001,0.3333333333333333,0.3333333333333333,0.3333333333333333,Medium
16.00828089655825,9.04793908261736,0.4707903780068728,0.4000000000000001,0.3333333333333333,1.0,0.6666666666666666,Medium
16.00043771997602,8.434028950155469,0.2027491408934708,0.4000000000000001,0.3333333333333333,0.3333333333333333,0.6666666666666666,Small
15.996492942129612,8.76732914779405,0.32783505154639175,0.4000000000000001,0.3333333333333333,0.3333333333333333,0.3333333333333333,Small
15.984564372619506,8.371242135931933,0.18350515463917527,0.4000000000000001,0.0,0.3333333333333333,0.6666666666666666,Small
15.976532201843899,8.87570644462861,0.3783505154639175,0.4000000000000001,0.3333333333333333,0.0,0.6666666666666666,Medium
15.97249179277332,8.993551586299981,0.4398625429553264,0.4000000000000001,0.0,0.0,0.3333333333333333,Medium
15.97249179277332,8.4252971767117,0.2,0.4000000000000001,0.3333333333333333,0.3333333333333333,0.3333333333333333,Small
15.964361667634346,9.082620630373812,0.49140893470790376,0.4000000000000001,0.3333333333333333,0.3333333333333333,0.6666666666666666,Medium
15.960271682860764,8.785845337961213,0.3360824742268041,0.6000000000000001,0.3333333333333333,0.3333333333333333,0.6666666666666666,Medium
15.951214396813645,8.699681400989514,0.29896907216494845,0.4000000000000001,0.3333333333333333,1.0,0.0,Small
15.943742382861155,9.091106284052485,0.49656357388316147,0.4000000000000001,0.0,0.0,0.3333333333333333,Medium
15.943742382861155,8.981052985901483,0.43298969072164945,0.8,0.3333333333333333,0.3333333333333333,0.6666666666666666,Medium
15.943742382861155,8.612685172875459,0.2646048109965636,0.6000000000000001,0.3333333333333333,0.3333333333333333,0.3333333333333333,Small
15.943742382861155,8.919453168575453,0.4003436426116838,0.4000000000000001,0.3333333333333333,1.0,0.6666666666666666,Medium
15.943742382861155,8.853808274977197,0.3676975945017182,0.4000000000000001,0.0,1.0,0.6666666666666666,Medium
15.931163602161226,8.493105395887147,0.2219931271477663,0.6000000000000001,0.3333333333333333,0.3333333333333333,0.3333333333333333,Small
15.918424577929366,8.692993531219926,0.29621993127147767,0.4000000000000001,0.6666666666666667,0.3333333333333333,0.3333333333333333,Small
15.909840835290563,8.830689198760998,0.356701030927835,0.8,0.0,0.3333333333333333,0.3333333333333333,Medium
15.905018884112332,8.853808274977197,0.3676975945017182,0.4000000000000001,0.3333333333333333,1.0,0.6666666666666666,Medium
15.900312830217915,8.920389060080359,0.40082474226804116,0.4000000000000001,0.3333333333333333,0.6666666666666667,0.3333333333333333,Medium
15.892449094739266,9.105090961257085,0.5051546391752577,0.6000000000000001,0.3333333333333333,1.0,0.6666666666666666,Medium
15.890253704451245,8.699681400989514,0.29896907216494845,0.4000000000000001,0.0,1.0,0.6666666666666666,Small
15.88363846616608,8.699681400989514,0.29896907216494845,0.6000000000000001,0.3333333333333333,1.0,0.3333333333333333,Small
15.87920386966009,8.787372988731876,0.3367697594501718,0.4000000000000001,0.0,0.3333333333333333,0.0,Medium
15.874749519877604,8.757940876678804,0.3237113402061855,0.4000000000000001,0.3333333333333333,1.0,0.0,Small
15.856731016694035,8.776630098427717,0.3319587628865979,0.4000000000000001,0.3333333333333333,1.0,0.6666666666666666,Small
15.856731016694035,8.699681400989514,0.29896907216494845,0.6000000000000001,0.3333333333333333,1.0,0.6666666666666666,Small
15.83838188043084,8.699681400989514,0.29896907216494845,0.6000000000000001,0.3333333333333333,1.0,0.3333333333333333,Small
15.83838188043084,8.699681400989514,0.29896907216494845,0.4000000000000001,0.3333333333333333,0.6666666666666667,0.0,Small
15.83374150148957,8.699681400989514,0.29896907216494845,0.4000000000000001,0.3333333333333333,1.0,0.3333333333333333,Small
15.829079489004743,8.79497643168877,0.34020618556701027,0.4000000000000001,0.0,1.0,1.0,Medium
15.824395640319128,8.366602832783736,0.18213058419243983,0.4000000000000001,0.3333333333333333,0.3333333333333333,0.3333333333333333,Small
15.819689749914444,8.914760527397261,0.3979381443298969,0.4000000000000001,0.3333333333333333,0.0,0.0,Medium
15.819689749914444,8.914760527397261,0.3979381443298969,0.4000000000000001,0.3333333333333333,1.0,0.3333333333333333,Medium
15.819689749914444,8.752423403865594,0.3213058419243986,0.4000000000000001,0.0,1.0,0.3333333333333333,Small
15.810211007243431,8.699681400989514,0.29896907216494845,0.6000000000000001,0.3333333333333333,1.0,0.3333333333333333,Small
15.810211007243431,8.546946149565585,0.24054982817869414,0.4000000000000001,0.3333333333333333,1.0,0.6666666666666666,Small
15.810211007243431,8.699681400989514,0.29896907216494845,0.4000000000000001,0.3333333333333333,0.3333333333333333,0.3333333333333333,Small
15.810211007243431,8.699681400989514,0.29896907216494845,0.4000000000000001,0.0,0.3333333333333333,0.3333333333333333,Small
15.80925817261786,9.344958673700944,0.672852233676976,0.6000000000000001,0.0,0.3333333333333333,0.3333333333333333,Large
15.795822271763136,9.105090961257085,0.5051546391752577,0.6000000000000001,0.3333333333333333,1.0,0.3333333333333333,Medium
15.790979647957377,8.946505025998682,0.41443298969072156,0.6000000000000001,0.3333333333333333,1.0,0.3333333333333333,Medium
15.790979647957377,8.699681400989514,0.29896907216494845,0.4000000000000001,0.3333333333333333,1.0,0.3333333333333333,Small
15.78122347437178,8.699681400989514,0.29896907216494845,0.4000000000000001,0.3333333333333333,0.3333333333333333,0.3333333333333333,Small
15.77137117931546,9.091669442258505,0.4969072164948453,0.2,0.0,0.0,0.3333333333333333,Medium
15.77137117931546,8.738895704934043,0.3154639175257732,0.6000000000000001,0.3333333333333333,0.3333333333333333,0.3333333333333333,Small
15.766408390677027,8.757940876678804,0.3237113402061855,0.6000000000000001,0.3333333333333333,0.6666666666666667,0.6666666666666666,Small
15.76142084987672,9.321523900936798,0.6546391752577319,0.4000000000000001,0.0,0.0,0.3333333333333333,Medium
15.75137051546622,9.091669442258505,0.4969072164948453,0.4000000000000001,0.3333333333333333,0.3333333333333333,0.3333333333333333,Medium
15.75137051546622,9.488047863280759,0.7938144329896906,0.2,0.0,0.0,0.3333333333333333,Large
15.746307214242162,8.94910546953925,0.41580756013745707,0.4000000000000001,0.3333333333333333,0.0,0.6666666666666666,Medium
15.741218145474653,8.699681400989514,0.29896907216494845,0.4000000000000001,0.0,0.0,0.3333333333333333,Small
15.730961646810274,9.400216653174247,0.7175257731958762,0.6000000000000001,0.3333333333333333,0.3333333333333333,0.6666666666666666,Large
15.730961646810274,8.294299608857235,0.16151202749140892,0.4000000000000001,0.3333333333333333,0.3333333333333333,0.0,Small
15.725793677414915,8.699681400989514,0.29896907216494845,0.6000000000000001,0.3333333333333333,1.0,0.0,Small
15.720598861308845,8.521384396034705,0.2316151202749141,0.4000000000000001,0.0,1.0,0.0,Small
15.7153769181068,8.79497643168877,0.34020618556701027,0.2,0.3333333333333333,1.0,0.0,Medium
15.710127563007966,8.304247465078474,0.1642611683848797,0.4000000000000001,0.0,0.3333333333333333,0.3333333333333333,Small
15.710127563007966,8.357259153499912,0.17938144329896905,0.6000000000000001,0.3333333333333333,0.3333333333333333,0.0,Small
15.710127563007966,8.76732914779405,0.32783505154639175,0.4000000000000001,0.3333333333333333,0.6666666666666667,0.0,Small
15.710127563007966,8.77971129020447,0.3333333333333333,0.4000000000000001,0.3333333333333333,0.6666666666666667,0.0,Small
15.710127563007966,8.648396877031582,0.2783505154639175,0.4000000000000001,0.0,0.0,0.6666666666666666,Small
15.710127563007966,8.699681400989514,0.29896907216494845,0.4000000000000001,0.3333333333333333,0.6666666666666667,0.0,Small
15.706964672075832,8.699681400989514,0.29896907216494845,0.4000000000000001,0.0,0.3333333333333333,0.3333333333333333,Small
15.704850506702762,8.294299608857235,0.16151202749140892,0.4000000000000001,0.3333333333333333,0.3333333333333333,0.3333333333333333,Small
15.704850506702762,9.259225769705994,0.6082474226804124,0.4000000000000001,0.3333333333333333,0.0,0.3333333333333333,Medium
15.699545455277173,8.699681400989514,0.29896907216494845,0.4000000000000001,0.3333333333333333,1.0,0.0,Small
15.688850167794572,8.232440158470336,0.14501718213058418,0.4000000000000001,0.0,0.3333333333333333,0.6666666666666666,Small
15.688850167794572,9.018089684104343,0.4536082474226804,0.4000000000000001,0.3333333333333333,0.6666666666666667,0.0,Medium
15.688850167794572,8.805525052709516,0.3450171821305842,0.4000000000000001,0.0,0.6666666666666667,0.0,Medium
15.683459319990018,8.284251797621916,0.15876288659793814,0.4000000000000001,0.0,0.0,0.6666666666666666,Small
15.683459319990018,8.910720661951359,0.3958762886597938,0.4000000000000001,0.0,0.0,0.6666666666666666,Medium
15.678039253360028,9.057305735807121,0.47628865979381435,0.8,0.6666666666666667,0.3333333333333333,0.6666666666666666,Medium
15.678039253360028,8.517393171418904,0.23024054982817865,0.4000000000000001,0.0,0.3333333333333333,0.0,Small
15.67477305608141,8.81744592104187,0.35051546391752575,0.2,0.0,0.0,0.6666666666666666,Medium
15.672589649440985,8.476579508530941,0.21649484536082475,0.4000000000000001,0.3333333333333333,1.0,0.0,Small
15.656060350091908,8.881975184248867,0.38144329896907214,0.4000000000000001,0.3333333333333333,0.0,1.0,Medium
15.656060350091908,8.699681400989514,0.29896907216494845,0.6000000000000001,0.3333333333333333,1.0,0.3333333333333333,Small
15.656060350091908,8.31898612539206,0.16838487972508592,0.4000000000000001,0.3333333333333333,0.6666666666666667,0.6666666666666666,Small
15.656060350091908,9.105090961257085,0.5051546391752577,0.4000000000000001,0.0,0.0,0.3333333333333333,Medium
15.656060350091908,8.764209507142004,0.32646048109965636,0.4000000000000001,0.0,0.0,0.3333333333333333,Small
15.65494862141578,8.79497643168877,0.34020618556701027,0.4000000000000001,0.3333333333333333,0.6666666666666667,0.0,Medium
15.650489305929213,8.699681400989514,0.29896907216494845,0.6000000000000001,0.0,0.6666666666666667,0.0,Small
15.644887051277266,8.79497643168877,0.34020618556701027,0.4000000000000001,0.3333333333333333,0.0,0.0,Medium
15.644887051277266,8.612685172875459,0.2646048109965636,0.4000000000000001,0.0,0.6666666666666667,0.3333333333333333,Small
15.639253234465867,8.612685172875459,0.2646048109965636,0.4000000000000001,0.3333333333333333,1.0,0.3333333333333333,Small
15.639253234465867,8.756367559802975,0.32302405498281783,0.4000000000000001,0.3333333333333333,0.6666666666666667,0.0,Small
15.639253234465867,8.612685172875459,0.2646048109965636,0.4000000000000001,0.3333333333333333,0.0,0.6666666666666666,Small
15.633587497847351,8.412054873292933,0.19587628865979378,0.4000000000000001,0.0,1.0,0.0,Small
15.633587497847351,8.603554357064281,0.26116838487972505,0.6000000000000001,0.3333333333333333,0.0,0.0,Small
15.627889477660357,8.76732914779405,0.32783505154639175,0.4000000000000001,0.0,0.6666666666666667,0.0,Small
15.625028245847135,8.083637203141548,0.10927835051546392,0.6000000000000001,0.0,0.6666666666666667,0.3333333333333333,Small
15.622158803889679,8.797246236703527,0.3412371134020618,0.6000000000000001,0.3333333333333333,0.3333333333333333,0.3333333333333333,Medium
15.622158803889679,8.79497643168877,0.34020618556701027,0.4000000000000001,0.0,0.0,0.6666666666666666,Medium
15.622158803889679,9.032767522204432,0.46199312714776625,0.4000000000000001,0.0,0.6666666666666667,0.6666666666666666,Medium
15.621008717695398,8.366602832783736,0.18213058419243983,1.0000000000000002,0.3333333333333333,0.3333333333333333,0.0,Small
15.621008717695398,9.171703488361265,0.547766323024055,0.4000000000000001,0.0,0.0,0.6666666666666666,Medium
15.610597983397946,8.824824939175638,0.3539518900343642,0.2,0.0,0.0,0.6666666666666666,Medium
15.610597983397946,8.987321812850125,0.4364261168384879,0.4000000000000001,0.0,0.0,0.6666666666666666,Medium
15.610597983397946,8.839421607620602,0.36082474226804123,0.4000000000000001,0.3333333333333333,0.0,0.0,Medium
15.598901945589025,8.216358332386156,0.140893470790378,0.6000000000000001,0.0,0.3333333333333333,0.0,Small
15.598901945589025,8.76732914779405,0.32783505154639175,0.4000000000000001,0.0,0.0,0.0,Small
15.598901945589025,8.85666093701725,0.3690721649484536,0.4000000000000001,0.0,0.0,0.6666666666666666,Medium
15.598901945589025,8.785845337961213,0.3360824742268041,0.4000000000000001,0.0,0.0,0.6666666666666666,Medium
15.598901945589025,8.886270902072013,0.383573883161512,0.4000000000000001,0.0,0.3333333333333333,0.0,Medium
15.598901945589025,8.741136422901011,0.3164261168384879,0.6000000000000001,0.3333333333333333,0.0,0.3333333333333333,Small
15.598901945589025,8.898502209646642,0.38969072164948454,0.6000000000000001,0.3333333333333333,0.3333333333333333,0.0,Medium
15.598901945589025,8.783549477153265,0.33505154639175255,0.4000000000000001,0.3333333333333333,1.0,0.3333333333333333,Medium
15.59772478261397,9.65509029374725,0.9587628865979381,0.4000000000000001,0.0,0.0,0.6666666666666666,Large
15.587067489942822,8.87640491500694,0.37869415807560136,0.4000000000000001,0.0,0.0,0.6666666666666666,Medium
15.587067489942822,8.77971129020447,0.3333333333333333,0.4000000000000001,0.3333333333333333,0.6666666666666667,0.0,Small
15.585876304775372,8.612685172875459,0.2646048109965636,0.4000000000000001,0.0,0.6666666666666667,0.3333333333333333,Small
15.585876304775372,9.346705246496699,0.6742268041237114,0.4000000000000001,0.0,0.6666666666666667,0.6666666666666666,Large
15.584683698993436,8.476579508530941,0.21649484536082475,0.4000000000000001,0.0,0.0,0.0,Small
15.575091300945118,8.67060073804555,0.287147766323024,0.6000000000000001,0.0,1.0,0.0,Small
15.575091300945118,8.556606193773073,0.2439862542955326,0.4000000000000001,0.0,0.6666666666666667,0.0,Small
15.575091300945118,8.476579508530941,0.21649484536082475,0.4000000000000001,0.0,0.6666666666666667,0.0,Small
15.57388575549739,8.853808274977197,0.3676975945017182,0.4000000000000001,0.0,0.0,0.6666666666666666,Medium
15.56904898753229,8.699681400989514,0.29896907216494845,0.4000000000000001,0.3333333333333333,1.0,0.0,Small
15.562969942511762,8.594339400592892,0.25773195876288657,0.6000000000000001,0.3333333333333333,0.3333333333333333,0.6666666666666666,Small
15.562969942511762,8.442685139241176,0.20549828178694157,0.6000000000000001,0.0,0.3333333333333333,0.3333333333333333,Small
15.562969942511762,8.517393171418904,0.23024054982817865,0.4000000000000001,0.0,0.6666666666666667,0.0,Small
15.562969942511762,8.757940876678804,0.3237113402061855,0.4000000000000001,0.0,0.0,0.6666666666666666,Small
15.562969942511762,8.665785595466064,0.2852233676975945,0.4000000000000001,0.3333333333333333,1.0,0.0,Small
15.547608660047116,8.804024902413179,0.3443298969072165,0.6000000000000001,0.3333333333333333,0.3333333333333333,0.3333333333333333,Medium
15.53827733427679,9.259225769705994,0.6082474226804124,0.6000000000000001,0.3333333333333333,0.3333333333333333,0.3333333333333333,Medium
15.53827733427679,8.476579508530941,0.21649484536082475,0.8,0.3333333333333333,0.6666666666666667,0.0,Small
15.53827733427679,8.45553053102413,0.20962199312714774,0.6000000000000001,0.0,0.3333333333333333,0.3333333333333333,Small
15.53827733427679,8.517393171418904,0.23024054982817865,0.4000000000000001,0.0,1.0,0.0,Small
15.53827733427679,9.259225769705994,0.6082474226804124,0.2,0.0,0.0,0.3333333333333333,Medium
15.53827733427679,8.612685172875459,0.2646048109965636,0.4000000000000001,0.3333333333333333,0.3333333333333333,0.3333333333333333,Small
15.53827733427679,8.757940876678804,0.3237113402061855,0.4000000000000001,0.0,0.6666666666666667,0.0,Small
15.53827733427679,8.79497643168877,0.34020618556701027,0.6000000000000001,0.3333333333333333,0.0,0.0,Medium
15.53827733427679,8.544224530467268,0.23958762886597934,0.4000000000000001,0.0,0.3333333333333333,0.0,Small
15.532007722386286,8.38958706681109,0.18900343642611683,0.6000000000000001,0.0,0.3333333333333333,0.6666666666666666,Small
15.532007722386286,8.594339400592892,0.25773195876288657,0.8,0.0,0.3333333333333333,0.0,Small
15.525698554330328,8.101980731853192,0.11340206185567009,0.4000000000000001,0.6666666666666667,0.3333333333333333,0.0,Small
15.525698554330328,8.202756381655638,0.13745704467353953,0.4000000000000001,0.3333333333333333,0.3333333333333333,0.6666666666666666,Small
15.525698554330328,8.716207971151853,0.3058419243986254,0.4000000000000001,0.3333333333333333,0.0,0.6666666666666666,Small
15.524431929944326,8.839421607620602,0.36082474226804123,0.4000000000000001,0.0,0.0,0.0,Medium
15.519349327803464,7.943782692458625,0.08020618556701031,0.6000000000000001,0.3333333333333333,0.3333333333333333,0.3333333333333333,Small
15.519349327803464,8.984818995876008,0.43505154639175253,0.4000000000000001,0.0,0.0,0.6666666666666666,Medium
15.512959530871255,8.055475141757274,0.10309278350515463,0.4000000000000001,0.3333333333333333,0.0,0.0,Small
15.512959530871255,8.734077192559303,0.3134020618556701,0.6000000000000001,0.0,1.0,0.0,Small
15.512959530871255,8.716207971151853,0.3058419243986254,0.4000000000000001,0.0,0.6666666666666667,0.0,Small
15.512959530871255,8.79497643168877,0.34020618556701027,0.6000000000000001,0.3333333333333333,0.3333333333333333,0.0,Medium
15.506528641722578,8.828494129466652,0.35567010309278346,0.4000000000000001,0.0,0.0,0.0,Medium
15.50005612841392,8.811503250158239,0.34776632302405497,0.4000000000000001,0.3333333333333333,0.3333333333333333,0.3333333333333333,Medium
15.498756583313094,8.771990436532242,0.32989690721649484,0.4000000000000001,0.3333333333333333,0.0,0.0,Small
15.486984049287734,8.962007209588313,0.422680412371134,0.4000000000000001,0.0,0.0,0.6666666666666666,Medium
15.480383366501217,8.434028950155469,0.2027491408934708,0.2,0.3333333333333333,0.0,0.6666666666666666,Small
15.473738825043979,8.357259153499912,0.17938144329896905,0.6000000000000001,0.0,0.3333333333333333,0.0,Small
15.473738825043979,8.785845337961213,0.3360824742268041,0.6000000000000001,0.3333333333333333,0.3333333333333333,0.0,Medium
15.473738825043979,8.612685172875459,0.2646048109965636,0.4000000000000001,0.3333333333333333,0.0,0.0,Small
15.473738825043979,9.236982302922604,0.5923711340206186,0.4000000000000001,0.0,0.0,0.3333333333333333,Medium
15.473738825043979,9.036106025364846,0.46391752577319584,0.4000000000000001,0.0,0.3333333333333333,0.6666666666666666,Medium
15.473738825043979,8.575650760987806,0.2508591065292096,0.6000000000000001,0.3333333333333333,0.0,0.0,Small
15.473738825043979,8.24301946898925,0.14776632302405496,0.4000000000000001,0.0,0.3333333333333333,0.3333333333333333,Small
15.473738825043979,9.19023970026918,0.5601374570446735,0.6000000000000001,0.3333333333333333,0.3333333333333333,0.6666666666666666,Medium
15.473738825043979,9.050288983827956,0.4721649484536082,0.4000000000000001,0.0,0.0,0.6666666666666666,Medium
15.472404602285149,8.707978826622321,0.3024054982817869,0.4000000000000001,0.0,0.0,0.0,Small
15.469730804411405,8.865876285425417,0.3735395189003436,0.4000000000000001,0.0,0.0,0.6666666666666666,Medium
15.467049838171546,8.064950891749143,0.10515463917525772,0.4000000000000001,0.3333333333333333,0.3333333333333333,0.6666666666666666,Small
15.467049838171546,8.412054873292933,0.19587628865979378,0.6000000000000001,0.3333333333333333,0.0,0.6666666666666666,Small
15.467049838171546,8.881975184248867,0.38144329896907214,0.4000000000000001,0.0,0.3333333333333333,0.3333333333333333,Medium
15.453536121613729,8.134760782418645,0.12096219931271476,0.4000000000000001,0.0,0.3333333333333333,0.0,Small
15.453536121613729,8.984818995876008,0.43505154639175253,0.4000000000000001,0.0,0.0,0.3333333333333333,Medium
15.446710157874584,8.006700845440367,0.09278350515463918,0.4000000000000001,0.3333333333333333,0.3333333333333333,0.0,Small
15.446710157874584,8.006700845440367,0.09278350515463918,0.4000000000000001,0.0,0.3333333333333333,0.0,Small
15.446710157874584,9.34233308143468,0.6707903780068729,0.2,0.0,0.3333333333333333,0.0,Large
15.446710157874584,8.716207971151853,0.3058419243986254,0.4000000000000001,0.0,0.0,0.0,Small
15.439837279936441,8.651898894268529,0.2797250859106529,0.2,0.0,0.3333333333333333,0.0,Small
15.43291683846023,8.172164452111904,0.12989690721649483,0.2,0.0,0.0,0.0,Small
15.43291683846023,8.936035096566041,0.40893470790378,0.6000000000000001,0.0,0.3333333333333333,0.6666666666666666,Medium
15.43291683846023,9.278092474027002,0.6219931271477663,0.4000000000000001,0.0,0.3333333333333333,0.0,Medium
15.43291683846023,8.79497643168877,0.34020618556701027,0.4000000000000001,0.0,0.0,0.0,Medium
15.431526984447132,8.476579508530941,0.21649484536082475,0.2,0.0,0.0,0.0,Small
15.425948170531639,9.005895898094458,0.44673539518900346,0.4000000000000001,0.3333333333333333,0.0,0.0,Medium
15.418930599280035,8.39185670010494,0.18969072164948453,0.6000000000000001,0.6666666666666667,0.3333333333333333,0.6666666666666666,Small
15.418930599280035,8.947285869349132,0.41484536082474227,0.4000000000000001,0.0,0.0,0.0,Medium
15.416109723506775,7.937731775260109,0.07903780068728522,0.4000000000000001,0.3333333333333333,0.3333333333333333,0.3333333333333333,Small
15.411863433483944,8.690978417187905,0.2953951890034364,0.4000000000000001,0.0,0.3333333333333333,0.0,Small
15.406173518862524,8.343077871169383,0.17525773195876287,0.4000000000000001,0.0,0.3333333333333333,0.3333333333333333,Small
15.404745967162468,8.416488487294606,0.19725085910652917,0.4000000000000001,0.0,0.3333333333333333,0.0,Small
15.404745967162468,8.317766166719343,0.16804123711340208,0.4000000000000001,0.0,0.3333333333333333,0.0,Small
15.404745967162468,8.323851131338817,0.1697594501718213,0.2,0.0,0.0,0.3333333333333333,Small
15.404745967162468,8.594339400592892,0.25773195876288657,0.6000000000000001,0.0,0.3333333333333333,0.0,Small
15.404745967162468,8.470311205516108,0.2144329896907216,0.4000000000000001,0.0,0.0,0.0,Small
15.404745967162468,8.748463629942055,0.31958762886597936,0.4000000000000001,0.0,0.0,0.6666666666666666,Small
15.404745967162468,8.665785595466064,0.2852233676975945,0.2,0.0,0.0,0.0,Small
15.404745967162468,8.006700845440367,0.09278350515463918,0.4000000000000001,0.0,0.3333333333333333,0.0,Small
15.404745967162468,7.9966538754626075,0.0907216494845361,0.4000000000000001,0.0,0.6666666666666667,0.0,Small
15.404745967162468,8.812992231969966,0.34845360824742266,0.4000000000000001,0.0,0.0,0.0,Medium
15.404745967162468,8.443977129084978,0.20591065292096217,0.4000000000000001,0.0,0.3333333333333333,0.6666666666666666,Small
15.404745967162468,9.465060106725137,0.7731958762886597,0.4000000000000001,0.0,0.0,0.6666666666666666,Large
15.403316374644834,8.137688184977605,0.12164948453608246,0.6000000000000001,0.3333333333333333,0.3333333333333333,0.6666666666666666,Small
15.403316374644834,8.516392871245468,0.2298969072164948,0.6000000000000001,0.3333333333333333,0.0,0.0,Small
15.397577479152067,8.37816098272068,0.18556701030927836,0.2,0.0,0.0,0.0,Small
15.390357232668071,8.333510708982942,0.1725085910652921,0.4000000000000001,0.0,0.6666666666666667,0.0,Small
15.390357232668071,8.706324840138741,0.3017182130584192,0.4000000000000001,0.0,0.0,0.6666666666666666,Small
15.390357232668071,8.833899942908635,0.35821305841924395,0.4000000000000001,0.0,0.3333333333333333,0.6666666666666666,Medium
15.390357232668071,8.479698986988657,0.2175257731958763,0.2,0.0,0.0,0.0,Small
15.383084474850227,8.853808274977197,0.3676975945017182,0.4000000000000001,0.0,0.3333333333333333,0.0,Medium
15.383084474850227,8.999742789830492,0.4432989690721649,0.6000000000000001,0.0,1.0,0.6666666666666666,Medium
15.377227943962481,8.137688184977605,0.12164948453608246,0.6000000000000001,0.3333333333333333,0.3333333333333333,0.0,Small
15.375758436291614,9.123365357961776,0.5165635738831615,0.2,0.0,0.0,0.6666666666666666,Medium
15.375758436291614,8.751790892775563,0.32103092783505155,0.4000000000000001,0.0,0.3333333333333333,0.3333333333333333,Small
15.375758436291614,9.234154550075438,0.5903780068728521,0.2,0.0,0.0,0.6666666666666666,Medium
15.37428676598956,8.77043908654689,0.32920962199312714,0.2,0.0,0.0,1.0,Small
15.360943353642055,8.550821372396221,0.24192439862542953,0.4000000000000001,0.0,1.0,0.0,Small
15.360943353642055,8.699681400989514,0.29896907216494845,0.2,0.0,0.0,0.3333333333333333,Small
15.360943353642055,8.197263371414335,0.1360824742268041,0.4000000000000001,0.0,0.3333333333333333,0.6666666666666666,Small
15.360943353642055,9.176576741823373,0.5509965635738832,0.6000000000000001,0.3333333333333333,0.3333333333333333,0.3333333333333333,Medium
15.360943353642055,8.594339400592892,0.25773195876288657,0.2,0.0,0.3333333333333333,0.0,Small
15.360943353642055,8.371242135931933,0.18350515463917527,0.4000000000000001,0.0,0.0,0.0,Small
15.353452683516053,8.228443883004033,0.14398625429553263,0.4000000000000001,0.0,0.3333333333333333,0.0,Small
15.345905479508115,8.333510708982942,0.1725085910652921,0.4000000000000001,0.0,0.0,0.0,Small
15.345905479508115,8.263848131368906,0.15326460481099657,0.4000000000000001,0.3333333333333333,0.3333333333333333,0.6666666666666666,Small
15.345905479508115,8.644882552557126,0.2769759450171821,0.4000000000000001,0.0,0.3333333333333333,0.3333333333333333,Small
15.345905479508115,7.9624156801210635,0.08384879725085911,0.2,0.0,0.3333333333333333,0.0,Small
15.345905479508115,8.519390774959724,0.2309278350515464,0.4000000000000001,0.0,0.3333333333333333,0.0,Small
15.344389179318602,8.414274137408396,0.19656357388316148,0.6000000000000001,0.3333333333333333,0.3333333333333333,0.0,Small
15.338300881775186,8.294299608857235,0.16151202749140892,0.4000000000000001,0.0,0.3333333333333333,0.3333333333333333,Small
15.338300881775186,8.253488028345904,0.15051546391752574,0.4000000000000001,0.0,0.3333333333333333,0.3333333333333333,Small
15.330638010707329,8.232440158470336,0.14501718213058418,0.4000000000000001,0.0,0.0,0.6666666666666666,Small
15.330638010707329,8.200013648175434,0.13676975945017184,0.4000000000000001,0.0,0.3333333333333333,0.0,Small
15.330638010707329,7.844240718141811,0.061855670103092786,0.4000000000000001,0.0,0.3333333333333333,0.0,Small
15.330638010707329,8.579416534596369,0.252233676975945,0.4000000000000001,0.0,0.3333333333333333,0.0,Small
15.330638010707329,8.586905803827538,0.2549828178694158,0.4000000000000001,0.0,0.3333333333333333,0.6666666666666666,Small
15.330638010707329,8.166500319155052,0.12852233676975944,0.4000000000000001,0.0,0.0,0.0,Small
15.330638010707329,9.036106025364846,0.46391752577319584,0.6000000000000001,0.0,1.0,1.0,Medium
15.32909836486038,8.31898612539206,0.16838487972508592,0.2,0.3333333333333333,0.0,0.0,Small
15.32909836486038,8.515391569469609,0.22955326460481096,0.6000000000000001,0.3333333333333333,0.3333333333333333,0.0,Small
15.32291596631714,8.163656176168432,0.12783505154639174,0.4000000000000001,0.0,0.6666666666666667,0.0,Small
15.32291596631714,8.146419323098003,0.12371134020618557,0.4000000000000001,0.0,0.3333333333333333,0.3333333333333333,Small
15.32291596631714,9.19634286233233,0.5642611683848797,0.4000000000000001,0.0,0.0,0.0,Medium
15.32291596631714,8.166500319155052,0.12852233676975944,0.2,0.0,0.3333333333333333,0.0,Small
15.315133827605429,8.414274137408396,0.19656357388316148,0.6000000000000001,0.0,0.3333333333333333,0.6666666666666666,Small
15.315133827605429,8.680331928793418,0.2910652920962199,0.2,0.0,0.0,0.3333333333333333,Small
15.315133827605429,8.294299608857235,0.16151202749140892,0.4000000000000001,0.0,0.3333333333333333,0.6666666666666666,Small
15.315133827605429,9.018089684104343,0.4536082474226804,0.4000000000000001,0.0,0.0,0.0,Medium
15.315133827605429,8.304247465078474,0.1642611683848797,0.4000000000000001,0.0,0.3333333333333333,0.3333333333333333,Small
15.313570105978563,8.757940876678804,0.3237113402061855,0.2,0.0,0.0,0.3333333333333333,Small
15.313570105978563,8.059276223305648,0.10391752577319588,0.4000000000000001,0.0,0.3333333333333333,0.3333333333333333,Small
15.313570105978563,8.163656176168432,0.12783505154639174,0.4000000000000001,0.0,0.3333333333333333,0.0,Small
15.307290651901996,8.229777750081887,0.14432989690721648,0.2,0.0,0.0,0.0,Small
15.299385474180372,8.286269452783065,0.15931271477663228,0.4000000000000001,0.0,0.3333333333333333,0.0,Small
15.299385474180372,8.497194544909547,0.2233676975945017,0.2,0.0,0.3333333333333333,0.0,Small
15.29779691185574,7.9658927350845286,0.08453608247422681,0.4000000000000001,0.0,0.3333333333333333,0.0,Small
15.29779691185574,8.493105395887147,0.2219931271477663,0.4000000000000001,0.0,0.0,0.6666666666666666,Small
15.29779691185574,8.501267040865978,0.2247422680412371,0.4000000000000001,0.0,0.3333333333333333,0.3333333333333333,Small
15.293016027343821,8.507344855361422,0.22680412371134018,0.6000000000000001,0.0,0.3333333333333333,0.0,Small
15.291417306345254,8.268988209506656,0.15463917525773196,0.4000000000000001,0.0,0.3333333333333333,0.0,Small
15.283385136491308,8.412054873292933,0.19587628865979378,0.4000000000000001,0.3333333333333333,0.6666666666666667,0.3333333333333333,Small
15.283385136491308,7.552762084214147,0.017525773195876282,0.8,0.0,0.3333333333333333,0.0,Small
15.283385136491308,8.312871394342615,0.16666666666666669,0.4000000000000001,0.0,0.0,0.6666666666666666,Small
15.283385136491308,8.160803920954665,0.12714776632302405,0.6000000000000001,0.0,0.3333333333333333,0.6666666666666666,Small
15.283385136491308,8.771990436532242,0.32989690721649484,0.6000000000000001,0.0,0.3333333333333333,0.0,Small
15.278534683477888,8.302265794873367,0.16371134020618555,0.2,0.0,0.0,0.0,Small
15.275287928131979,8.38958706681109,0.18900343642611683,0.2,0.0,0.0,0.3333333333333333,Small
15.275287928131979,9.245804036251752,0.5986254295532645,0.2,0.0,0.0,0.3333333333333333,Medium
15.268762621017762,8.131824785007195,0.12027491408934707,0.4000000000000001,0.0,0.3333333333333333,0.6666666666666666,Small
15.267124619396817,8.757940876678804,0.3237113402061855,0.2,0.0,0.0,0.0,Small
15.267124619396817,8.757940876678804,0.3237113402061855,0.2,0.0,0.3333333333333333,0.0,Small
15.267124619396817,8.412054873292933,0.19587628865979378,0.2,0.0,0.0,0.6666666666666666,Small
15.267124619396817,7.685243607975833,0.036082474226804134,0.4000000000000001,0.0,0.3333333333333333,0.0,Small
15.267124619396817,8.380456667842767,0.18625429553264605,0.6000000000000001,0.0,0.3333333333333333,0.0,Small
15.267124619396817,8.958154135209242,0.42061855670103093,0.2,0.0,0.0,0.3333333333333333,Medium
15.258894122195773,8.802522498284421,0.3436426116838488,0.4000000000000001,0.0,0.3333333333333333,0.0,Medium
15.258894122195773,7.933079771880415,0.07814432989690723,0.4000000000000001,0.0,0.0,0.0,Small
15.250595321348806,8.612685172875459,0.2646048109965636,0.4000000000000001,0.0,0.3333333333333333,0.0,Small
15.250595321348806,8.525359754082631,0.2329896907216495,0.4000000000000001,0.0,0.3333333333333333,0.0,Small
15.250595321348806,8.674367865788236,0.28865979381443296,0.2,0.0,0.0,0.6666666666666666,Small
15.250595321348806,7.8674885686991285,0.06597938144329896,0.6000000000000001,0.6666666666666667,0.3333333333333333,0.0,Small
15.250595321348806,7.9909154630913255,0.089553264604811,0.4000000000000001,0.0,0.3333333333333333,0.0,Small
15.250595321348806,7.91862865334224,0.07539518900343642,0.6000000000000001,0.3333333333333333,0.3333333333333333,0.0,Small
15.250595321348806,8.39185670010494,0.18969072164948453,0.2,0.0,0.0,0.3333333333333333,Small
15.250595321348806,8.294299608857235,0.16151202749140892,0.6000000000000001,0.3333333333333333,0.3333333333333333,0.0,Small
15.250595321348806,7.75190533307861,0.04639175257731959,0.4000000000000001,0.0,0.3333333333333333,0.0,Small
15.250595321348806,8.434028950155469,0.2027491408934708,0.4000000000000001,0.3333333333333333,0.3333333333333333,0.3333333333333333,Small
15.250595321348806,8.200013648175434,0.13676975945017184,0.4000000000000001,0.3333333333333333,0.3333333333333333,0.0,Small
15.250595321348806,8.665785595466064,0.2852233676975945,0.4000000000000001,0.0,0.0,0.6666666666666666,Small
15.250595321348806,8.853808274977197,0.3676975945017182,0.4000000000000001,0.0,0.0,1.0,Medium
15.250595321348806,8.313852267398207,0.16694158075601373,0.4000000000000001,0.0,0.6666666666666667,0.0,Small
15.250595321348806,8.166500319155052,0.12852233676975944,0.4000000000000001,0.0,0.3333333333333333,0.0,Small
15.250595321348806,7.671360923190644,0.03402061855670102,0.4000000000000001,0.0,0.6666666666666667,0.3333333333333333,Small
15.250595321348806,8.412054873292933,0.19587628865979378,0.4000000000000001,0.0,0.0,0.0,Small
15.248927264645598,9.018089684104343,0.4536082474226804,0.4000000000000001,0.0,0.0,1.0,Medium
15.248927264645598,8.146419323098003,0.12371134020618557,0.4000000000000001,0.0,0.3333333333333333,0.3333333333333333,Small
15.24222707367909,8.484876589939695,0.21924398625429553,0.4000000000000001,0.0,0.3333333333333333,0.3333333333333333,Small
15.24222707367909,8.314097335405807,0.16701030927835053,0.4000000000000001,0.0,0.3333333333333333,0.6666666666666666,Small
15.24222707367909,8.305731144875866,0.16467353951890035,0.4000000000000001,0.0,0.3333333333333333,0.3333333333333333,Small
15.233788207067937,8.440959885416648,0.20494845360824743,0.6000000000000001,0.0,0.3333333333333333,0.0,Small
15.233788207067937,8.697178688412643,0.2979381443298969,0.4000000000000001,0.0,0.0,0.0,Small
15.232091854230847,8.709630081951286,0.3030927835051546,0.2,0.0,0.0,0.3333333333333333,Small
15.226131855066896,8.188966863648876,0.13402061855670103,0.4000000000000001,0.0,0.0,0.0,Small
15.225277519469522,8.210939733379021,0.13951890034364262,0.4000000000000001,0.3333333333333333,0.3333333333333333,0.0,Small
15.225277519469522,8.304247465078474,0.1642611683848797,0.2,0.0,0.3333333333333333,0.3333333333333333,Small
15.225277519469522,8.630700432209832,0.27147766323024053,0.2,0.0,0.0,0.0,Small
15.216693777883304,8.682877107057168,0.29209621993127144,0.6000000000000001,0.3333333333333333,0.3333333333333333,0.3333333333333333,Small
15.216693777883304,8.51579221050061,0.2296907216494845,0.4000000000000001,0.3333333333333333,0.3333333333333333,0.6666666666666666,Small
15.216693777883304,8.375860015299594,0.18487972508591066,0.4000000000000001,0.0,0.0,0.0,Small
15.216693777883304,8.006700845440367,0.09278350515463918,0.6000000000000001,0.0,0.6666666666666667,0.6666666666666666,Small
15.216693777883304,8.371242135931933,0.18350515463917527,0.4000000000000001,0.0,0.3333333333333333,0.6666666666666666,Small
15.208035717281975,8.197263371414335,0.1360824742268041,0.4000000000000001,0.3333333333333333,0.3333333333333333,0.6666666666666666,Small
15.208035717281975,8.149312843635345,0.12439862542955327,0.4000000000000001,0.3333333333333333,0.0,0.3333333333333333,Small
15.208035717281975,8.594339400592892,0.25773195876288657,0.4000000000000001,0.0,0.0,1.0,Small
15.203678412997942,8.412054873292933,0.19587628865979378,0.4000000000000001,0.0,0.3333333333333333,0.0,Small
15.203678412997942,8.149312843635345,0.12439862542955327,0.6000000000000001,0.0,0.3333333333333333,0.0,Small
15.199302039492581,8.31898612539206,0.16838487972508592,0.6000000000000001,0.0,0.0,0.0,Small
15.199302039492581,8.776630098427717,0.3319587628865979,0.4000000000000001,0.0,0.3333333333333333,0.3333333333333333,Small
15.199302039492581,8.412054873292933,0.19587628865979378,0.4000000000000001,0.3333333333333333,0.3333333333333333,0.0,Small
15.199302039492581,8.284251797621916,0.15876288659793814,0.4000000000000001,0.0,0.3333333333333333,0.0,Small
15.199302039492581,8.30671904320269,0.1649484536082474,0.2,0.0,0.3333333333333333,0.0,Small
15.181602466868654,8.890272839380247,0.3855670103092783,0.4000000000000001,0.3333333333333333,0.0,1.0,Medium
15.181602466868654,8.612685172875459,0.2646048109965636,0.6000000000000001,0.0,0.3333333333333333,0.0,Small
15.181602466868654,8.006700845440367,0.09278350515463918,0.4000000000000001,0.0,0.3333333333333333,0.0,Small
15.181602466868654,8.098946748943339,0.1127147766323024,0.2,0.0,0.0,0.3333333333333333,Small
15.181602466868654,8.247220052745229,0.1488659793814433,0.2,0.0,0.0,0.6666666666666666,Small
15.181602466868654,8.997270906233448,0.4419243986254295,0.4000000000000001,0.0,0.0,0.6666666666666666,Medium
15.181602466868654,7.671360923190644,0.03402061855670102,0.6000000000000001,0.3333333333333333,0.0,0.0,Small
15.172633799184108,8.237743803890933,0.14639175257731957,0.2,0.0,0.3333333333333333,0.0,Small
15.172633799184108,8.064950891749143,0.10515463917525772,0.6000000000000001,0.3333333333333333,0.3333333333333333,0.0,Small
15.163583966004193,8.575650760987806,0.2508591065292096,0.8,0.3333333333333333,0.3333333333333333,0.0,Small
15.163583966004193,8.064950891749143,0.10515463917525772,0.2,0.3333333333333333,0.0,0.6666666666666666,Small
15.163583966004193,8.875287128108384,0.3781443298969072,0.4000000000000001,0.0,0.3333333333333333,0.0,Medium
15.163583966004193,8.314097335405807,0.16701030927835053,0.2,0.0,0.0,0.0,Small
15.163583966004193,8.25608813381491,0.1512027491408935,0.2,0.0,0.0,0.0,Small
15.163583966004193,7.60887062919126,0.025085910652920956,0.4000000000000001,0.0,0.3333333333333333,0.0,Small
15.163583966004193,7.685703061234547,0.03615120274914091,0.2,0.0,0.3333333333333333,0.0,Small
15.15994097567365,8.11701408773731,0.11683848797250859,0.4000000000000001,0.0,0.3333333333333333,0.0,Small
15.154451484823857,8.055475141757274,0.10309278350515463,0.2,0.3333333333333333,0.0,0.0,Small
15.145234832146,8.480736654405622,0.21786941580756014,0.4000000000000001,0.0,0.3333333333333333,0.0,Small
15.145234832146,8.137688184977605,0.12164948453608246,0.2,0.0,0.3333333333333333,0.3333333333333333,Small
15.145234832146,8.188966863648876,0.13402061855670103,0.2,0.0,0.0,0.0,Small
15.145234832146,8.670943791222156,0.2872852233676976,0.2,0.0,0.0,0.6666666666666666,Small
15.145234832146,7.957527402230773,0.08288659793814432,0.4000000000000001,0.0,0.6666666666666667,0.0,Small
15.145234832146,9.036106025364846,0.46391752577319584,0.2,0.0,0.0,0.3333333333333333,Medium
15.143381263987493,9.018089684104343,0.4536082474226804,0.4000000000000001,0.0,0.0,0.6666666666666666,Medium
15.143381263987493,7.83241092718792,0.0597938144329897,0.8,0.3333333333333333,0.0,0.3333333333333333,Small
15.143381263987493,8.843759381917984,0.3628865979381443,0.6000000000000001,0.0,0.3333333333333333,0.3333333333333333,Medium
15.135932441956118,8.15507488781144,0.12577319587628866,0.2,0.0,0.0,0.0,Small
15.126542704125361,8.188966863648876,0.13402061855670103,0.4000000000000001,0.0,0.0,0.3333333333333333,Small
15.126542704125361,8.304247465078474,0.1642611683848797,0.2,0.0,0.0,0.0,Small
15.126542704125361,8.703008637464448,0.30034364261168384,0.4000000000000001,0.0,0.0,0.0,Small
15.126542704125361,8.30671904320269,0.1649484536082474,0.2,0.0,0.0,0.0,Small
15.126542704125361,8.184513753033722,0.1329209621993127,0.2,0.0,0.0,0.0,Small
15.124654129947023,8.045908742270779,0.10103092783505155,0.4000000000000001,0.0,0.3333333333333333,0.0,Small
15.124654129947023,8.603554357064281,0.26116838487972505,0.2,0.0,0.0,0.0,Small
15.11706396273788,8.197263371414335,0.1360824742268041,0.2,0.0,0.0,0.0,Small
15.11706396273788,8.197263371414335,0.1360824742268041,0.2,0.0,0.0,0.0,Small
15.11706396273788,8.637816633739977,0.2742268041237113,0.2,0.0,0.0,0.0,Small
15.11706396273788,8.188966863648876,0.13402061855670103,0.2,0.0,0.0,0.0,Small
15.10749451433816,8.361941906144946,0.18075601374570444,0.2,0.0,0.0,0.6666666666666666,Small
15.10749451433816,8.18060094759445,0.13195876288659794,0.4000000000000001,0.0,0.3333333333333333,0.0,Small
15.10749451433816,8.064950891749143,0.10515463917525772,0.4000000000000001,0.0,0.3333333333333333,0.0,Small
15.10749451433816,8.006700845440367,0.09278350515463918,0.2,0.0,0.3333333333333333,0.0,Small
15.10749451433816,8.166500319155052,0.12852233676975944,0.2,0.3333333333333333,0.0,0.0,Small
15.10749451433816,8.692993531219926,0.29621993127147767,0.4000000000000001,0.0,0.3333333333333333,0.0,Small
15.10749451433816,8.326274787396764,0.170446735395189,0.4000000000000001,0.3333333333333333,0.3333333333333333,0.6666666666666666,Small
15.10749451433816,7.955425088912672,0.0824742268041237,0.4000000000000001,0.3333333333333333,0.3333333333333333,0.0,Small
15.10749451433816,7.730174795246222,0.042955326460481114,0.4000000000000001,0.0,0.6666666666666667,0.0,Small
15.105569586457912,8.166500319155052,0.12852233676975944,0.4000000000000001,0.0,0.0,0.6666666666666666,Small
15.09783260609366,8.412054873292933,0.19587628865979378,0.2,0.0,0.0,0.0,Small
15.09783260609366,8.294299608857235,0.16151202749140892,0.2,0.0,0.0,0.0,Small
15.088076433867828,8.055475141757274,0.10309278350515463,0.4000000000000001,0.0,0.3333333333333333,0.0,Small
15.088076433867828,8.412054873292933,0.19587628865979378,0.6000000000000001,0.3333333333333333,0.3333333333333333,0.6666666666666666,Small
15.088076433867828,8.412054873292933,0.19587628865979378,0.2,0.0,0.0,0.0,Small
15.088076433867828,8.200013648175434,0.13676975945017184,0.2,0.0,0.0,0.0,Small
15.078224140198202,8.25608813381491,0.1512027491408935,0.4000000000000001,0.0,0.0,0.6666666666666666,Small
15.068273812173887,8.352554369474591,0.17800687285223366,0.4000000000000001,0.0,0.3333333333333333,0.0,Small
15.068273812173887,8.202756381655638,0.13745704467353953,0.4000000000000001,0.0,0.3333333333333333,0.0,Small
15.068273812173887,8.434028950155469,0.2027491408934708,0.6000000000000001,0.0,0.3333333333333333,0.0,Small
15.068273812173887,7.666690200080086,0.033333333333333326,0.4000000000000001,0.3333333333333333,0.3333333333333333,0.0,Small
15.068273812173887,8.01862546504575,0.09525773195876289,0.4000000000000001,0.0,0.3333333333333333,0.0,Small
15.068273812173887,8.291797105048733,0.16082474226804122,0.4000000000000001,0.0,0.3333333333333333,0.0,Small
15.068273812173887,8.9126079636709,0.3968384879725086,0.4000000000000001,0.0,0.0,0.0,Medium
15.068273812173887,8.15507488781144,0.12577319587628866,0.4000000000000001,0.0,0.0,0.0,Small
15.068273812173887,8.188966863648876,0.13402061855670103,1.0000000000000002,0.0,0.3333333333333333,0.3333333333333333,Small
15.068273812173887,8.200013648175434,0.13676975945017184,0.2,0.0,0.0,0.3333333333333333,Small
15.068273812173887,8.682877107057168,0.29209621993127144,0.2,0.0,0.0,0.3333333333333333,Small
15.068273812173887,8.045908742270779,0.10103092783505155,0.4000000000000001,0.0,0.3333333333333333,0.3333333333333333,Small
15.068273812173887,8.902591637374087,0.3917525773195876,0.2,0.0,0.0,0.3333333333333333,Medium
15.068273812173887,8.164225652265827,0.1279725085910653,0.2,0.0,0.0,0.3333333333333333,Small
15.068273812173887,9.15915233520675,0.5395189003436425,0.4000000000000001,0.0,0.3333333333333333,1.0,Medium
15.068273812173887,8.679482094459956,0.29072164948453605,0.2,0.0,0.0,0.0,Small
15.068273812173887,9.468464892185638,0.7762199312714777,0.4000000000000001,0.0,0.0,0.0,Large
15.066271810075788,8.497194544909547,0.2233676975945017,0.4000000000000001,0.0,0.3333333333333333,0.0,Small
15.058223479206388,8.026496938945412,0.09690721649484535,0.4000000000000001,0.0,0.0,0.0,Small
15.058223479206388,8.579416534596369,0.252233676975945,0.2,0.0,0.0,0.3333333333333333,Small
15.058223479206388,7.671360923190644,0.03402061855670102,0.4000000000000001,0.0,0.6666666666666667,0.0,Small
15.04807111068727,8.294299608857235,0.16151202749140892,0.2,0.0,0.0,0.0,Small
15.04807111068727,8.066521490469993,0.10549828178694157,0.2,0.0,0.0,0.6666666666666666,Small
15.04807111068727,8.25608813381491,0.1512027491408935,0.4000000000000001,0.0,0.0,0.0,Small
15.04807111068727,7.671360923190644,0.03402061855670102,0.4000000000000001,0.0,0.6666666666666667,0.0,Small
15.04807111068727,7.8674885686991285,0.06597938144329896,0.4000000000000001,0.0,0.3333333333333333,0.0,Small
15.04807111068727,7.576097340623111,0.020618556701030938,0.4000000000000001,0.3333333333333333,0.3333333333333333,0.0,Small
15.046028209653675,8.304247465078474,0.1642611683848797,0.2,0.0,0.0,0.0,Small
15.0378146135257,8.47345026846832,0.2154639175257732,0.4000000000000001,0.0,0.3333333333333333,0.3333333333333333,Small
15.0378146135257,8.146419323098003,0.12371134020618557,0.4000000000000001,0.0,0.0,0.6666666666666666,Small
15.0378146135257,8.200013648175434,0.13676975945017184,0.2,0.0,0.0,0.0,Small
15.027451829558391,8.160803920954665,0.12714776632302405,0.6000000000000001,0.0,0.3333333333333333,0.6666666666666666,Small
15.027451829558391,8.509362612301048,0.22749140893470787,0.6000000000000001,0.0,0.6666666666666667,0.0,Small
15.027451829558391,8.323851131338817,0.1697594501718213,0.2,0.0,0.3333333333333333,0.0,Small
15.027451829558391,8.46611040118692,0.21305841924398622,0.2,0.0,0.0,0.0,Small
15.027451829558391,8.221747728346623,0.1422680412371134,0.2,0.0,0.0,0.0,Small
15.027451829558391,8.229777750081887,0.14432989690721648,0.4000000000000001,0.0,0.0,0.0,Small
15.027451829558391,8.03947991910045,0.09965635738831616,0.4000000000000001,0.0,0.3333333333333333,0.0,Small
15.027451829558391,8.066521490469993,0.10549828178694157,0.2,0.0,0.0,0.6666666666666666,Small
15.025366323688703,7.901377353792616,0.07216494845360824,0.4000000000000001,0.0,0.0,0.0,Small
15.019083582388873,7.671360923190644,0.03402061855670102,0.4000000000000001,0.0,0.3333333333333333,0.0,Small
15.016980532823926,8.304247465078474,0.1642611683848797,0.2,0.0,0.0,0.3333333333333333,Small
15.016980532823926,8.471358655072438,0.2147766323024055,0.6000000000000001,0.0,0.3333333333333333,0.0,Small
15.006398426692876,7.824445930877619,0.05841924398625428,0.2,0.0,0.0,0.0,Small
15.006398426692876,8.064950891749143,0.10515463917525772,0.6000000000000001,0.0,0.3333333333333333,0.0,Small
15.006398426692876,8.709630081951286,0.3030927835051546,0.4000000000000001,0.0,0.0,0.0,Small
15.006398426692876,8.15507488781144,0.12577319587628866,0.6000000000000001,0.0,0.3333333333333333,0.3333333333333333,Small
15.006398426692876,8.2409125416889,0.1472164948453608,0.6000000000000001,0.0,0.3333333333333333,0.0,Small
15.006398426692876,8.304247465078474,0.1642611683848797,0.2,0.0,0.0,0.0,Small
15.006398426692876,7.671360923190644,0.03402061855670102,0.4000000000000001,0.0,0.3333333333333333,0.0,Small
15.006398426692876,8.679482094459956,0.29072164948453605,0.4000000000000001,0.0,0.0,0.3333333333333333,Small
14.995703140844421,8.412054873292933,0.19587628865979378,0.2,0.0,0.0,0.0,Small
14.995703140844421,8.27664912542186,0.15670103092783505,0.2,0.0,0.0,0.0,Small
14.989230628333736,8.200013648175434,0.13676975945017184,0.6000000000000001,0.0,0.3333333333333333,0.0,Small
14.984892228079548,8.382747094863314,0.18694158075601375,0.4000000000000001,0.0,0.3333333333333333,0.0,Small
14.984892228079548,7.895436006942965,0.07106529209621992,0.2,0.0,0.0,0.3333333333333333,Small
14.984892228079548,8.371242135931933,0.18350515463917527,0.4000000000000001,0.0,0.0,0.3333333333333333,Small
14.984892228079548,8.045908742270779,0.10103092783505155,0.4000000000000001,0.0,0.3333333333333333,0.0,Small
14.962913328262083,8.146419323098003,0.12371134020618557,0.0,0.0,0.0,0.0,Small
14.962913328262083,8.290794347381356,0.16054982817869418,0.2,0.3333333333333333,0.0,0.3333333333333333,Small
14.962913328262083,8.160803920954665,0.12714776632302405,0.2,0.0,0.0,0.0,Small
14.962913328262083,8.317766166719343,0.16804123711340208,0.2,0.0,0.0,0.6666666666666666,Small
14.962913328262083,7.409136443920128,0.0,0.4000000000000001,0.0,0.3333333333333333,0.0,Small
14.962913328262083,8.146419323098003,0.12371134020618557,0.4000000000000001,0.0,0.3333333333333333,0.0,Small
14.962913328262083,8.81744592104187,0.35051546391752575,0.2,0.0,0.0,0.0,Medium
14.962913328262083,9.105090961257085,0.5051546391752577,0.4000000000000001,0.0,0.3333333333333333,0.6666666666666666,Medium
14.962913328262083,8.029432840581244,0.0975257731958763,0.2,0.0,0.0,0.3333333333333333,Small
14.96068863394701,8.412054873292933,0.19587628865979378,0.4000000000000001,0.0,0.3333333333333333,0.0,Small
14.956224342241892,8.611775833902186,0.26426116838487973,0.4000000000000001,0.0,0.0,0.0,Small
14.95297522272713,7.782807262839695,0.05140893470790378,0.4000000000000001,0.0,0.0,0.0,Small
14.951740031230926,8.006700845440367,0.09278350515463918,0.4000000000000001,0.0,0.0,0.0,Small
14.951740031230926,8.25608813381491,0.1512027491408935,0.4000000000000001,0.0,0.3333333333333333,0.0,Small
14.951740031230926,8.160803920954665,0.12714776632302405,0.2,0.0,0.0,0.0,Small
14.942710627423343,8.999742789830492,0.4432989690721649,0.2,0.0,0.0,0.3333333333333333,Medium
14.940440479625028,8.509362612301048,0.22749140893470787,0.2,0.0,0.0,0.0,Small
14.940440479625028,7.6783263565068856,0.03505154639175259,0.4000000000000001,0.0,0.3333333333333333,0.0,Small
14.940440479625028,8.036249942132116,0.09896907216494846,0.2,0.0,0.0,0.0,Small
14.940440479625028,8.412054873292933,0.19587628865979378,0.2,0.0,0.3333333333333333,0.3333333333333333,Small
14.929011787533305,8.24301946898925,0.14776632302405496,0.2,0.0,0.0,0.0,Small
14.917450968950916,8.036249942132116,0.09896907216494846,0.4000000000000001,0.0,0.3333333333333333,0.0,Small
14.917450968950916,8.083637203141548,0.10927835051546392,0.4000000000000001,0.0,0.3333333333333333,0.6666666666666666,Small
14.917450968950916,7.950149887652018,0.08144329896907215,0.2,0.0,0.0,0.0,Small
14.917450968950916,8.434028950155469,0.2027491408934708,0.2,0.0,0.0,0.0,Small
14.917450968950916,8.532475814947395,0.23546391752577317,0.4000000000000001,0.0,0.0,0.0,Small
14.917450968950916,8.229777750081887,0.14432989690721648,0.4000000000000001,0.0,0.3333333333333333,0.0,Small
14.917450968950916,8.197263371414335,0.1360824742268041,0.6000000000000001,0.0,0.3333333333333333,1.0,Small
14.915122679965744,8.993551586299981,0.4398625429553264,0.2,0.0,0.0,0.0,Medium
14.905754933096265,8.378620541552298,0.1857044673539519,0.6000000000000001,0.0,0.3333333333333333,0.3333333333333333,Small
14.901037944807413,8.006700845440367,0.09278350515463918,0.2,0.0,0.3333333333333333,0.0,Small
14.89392047945086,8.674367865788236,0.28865979381443296,0.4000000000000001,0.0,0.3333333333333333,0.3333333333333333,Small
14.89392047945086,8.509362612301048,0.22749140893470787,0.2,0.0,0.0,0.0,Small
14.89392047945086,8.188966863648876,0.13402061855670103,0.4000000000000001,0.0,0.3333333333333333,0.3333333333333333,Small
14.89392047945086,8.205491613120236,0.13814432989690723,0.6000000000000001,0.0,0.3333333333333333,0.0,Small
14.89392047945086,8.15507488781144,0.12577319587628866,0.4000000000000001,0.0,0.3333333333333333,0.3333333333333333,Small
14.89392047945086,7.901377353792616,0.07216494845360824,0.2,0.0,0.0,0.0,Small
14.89392047945086,8.055475141757274,0.10309278350515463,0.4000000000000001,0.0,0.3333333333333333,0.0,Small
14.89392047945086,8.797246236703527,0.3412371134020618,0.4000000000000001,0.0,0.3333333333333333,0.0,Medium
14.869822936167798,8.019941687677365,0.09553264604810996,0.2,0.0,0.0,0.0,Small
14.869822936167798,8.197263371414335,0.1360824742268041,0.2,0.0,0.0,0.0,Small
14.869822936167798,8.699681400989514,0.29896907216494845,0.2,0.0,0.0,0.0,Small
14.869822936167798,8.594339400592892,0.25773195876288657,0.6000000000000001,0.0,0.3333333333333333,0.0,Small
14.863706711287982,8.556606193773073,0.2439862542955326,0.6000000000000001,0.0,0.6666666666666667,0.0,Small
14.857552847877614,8.101980731853192,0.11340206185567009,0.4000000000000001,0.0,0.3333333333333333,0.3333333333333333,Small
14.857552847877614,8.37816098272068,0.18556701030927836,0.4000000000000001,0.0,0.3333333333333333,0.3333333333333333,Small
14.857552847877614,7.878912912297132,0.06804123711340207,0.2,0.0,0.0,0.3333333333333333,Small
14.845130332288226,7.8826922062890254,0.06872852233676977,0.4000000000000001,0.0,0.3333333333333333,0.3333333333333333,Small
14.845130332288226,8.284251797621916,0.15876288659793814,0.4000000000000001,0.0,0.0,0.0,Small
14.819812533461441,8.824824939175638,0.3539518900343642,0.2,0.0,0.0,0.0,Medium
14.819812533461441,8.294299608857235,0.16151202749140892,0.4000000000000001,0.0,0.3333333333333333,0.3333333333333333,Small
14.80690913338268,8.294299608857235,0.16151202749140892,0.2,0.0,0.0,0.0,Small
14.793837056697662,8.277666160851503,0.15697594501718215,0.2,0.0,0.0,0.0,Small
14.793837056697662,7.601402334583733,0.024054982817869414,0.2,0.0,0.3333333333333333,0.0,Small
14.793837056697662,8.197263371414335,0.1360824742268041,0.4000000000000001,0.6666666666666667,0.3333333333333333,0.0,Small
14.793837056697662,7.937731775260109,0.07903780068728522,0.4000000000000001,0.0,0.0,0.0,Small
14.793837056697662,7.796057974316123,0.053608247422680416,0.4000000000000001,0.0,0.0,0.0,Small
14.793837056697662,8.15507488781144,0.12577319587628866,0.2,0.0,0.0,0.3333333333333333,Small
14.793837056697662,8.294299608857235,0.16151202749140892,0.4000000000000001,0.0,0.0,0.0,Small
14.791202010051581,8.066521490469993,0.10549828178694157,0.2,0.0,0.0,0.0,Small
14.791202010051581,8.294299608857235,0.16151202749140892,0.4000000000000001,0.0,0.3333333333333333,0.0,Small
14.7725596663351,7.976251943745623,0.0865979381443299,0.2,0.0,0.0,0.0,Small
14.767168819776032,8.188966863648876,0.13402061855670103,0.2,0.0,0.0,0.0,Small
14.767168819776032,8.38958706681109,0.18900343642611683,0.2,0.0,0.0,0.0,Small
14.767168819776032,8.188966863648876,0.13402061855670103,0.2,0.3333333333333333,0.3333333333333333,0.3333333333333333,Small
14.739769856312924,7.9658927350845286,0.08453608247422681,0.4000000000000001,0.0,0.0,0.0,Small
14.739769856312924,8.064950891749143,0.10515463917525772,0.4000000000000001,0.0,0.0,0.0,Small
14.739769856312924,8.006700845440367,0.09278350515463918,0.2,0.0,0.3333333333333333,0.0,Small
14.725783619927272,8.38958706681109,0.18900343642611683,0.4000000000000001,0.0,0.3333333333333333,0.0,Small
14.725783619927272,8.006700845440367,0.09278350515463918,0.4000000000000001,0.0,0.3333333333333333,0.0,Small
14.711598990684092,8.074337694089515,0.10721649484536083,0.4000000000000001,0.0,0.3333333333333333,0.0,Small
14.711598990684092,8.083637203141548,0.10927835051546392,0.2,0.0,0.0,0.3333333333333333,Small
14.711598990684092,8.006700845440367,0.09278350515463918,0.2,0.0,0.0,0.3333333333333333,Small
14.711598990684092,8.160803920954665,0.12714776632302405,0.2,0.0,0.0,0.0,Small
14.711598990684092,8.484876589939695,0.21924398625429553,0.2,0.0,0.3333333333333333,0.0,Small
14.711598990684092,8.94910546953925,0.41580756013745707,0.2,0.0,0.0,0.0,Medium
14.694307500693155,8.19863945529737,0.13642611683848796,0.2,0.0,0.0,0.0,Small
14.682611465815636,7.814399633804487,0.056701030927835044,0.4000000000000001,0.0,0.3333333333333333,0.0,Small
14.682611465815636,7.933079771880415,0.07814432989690723,0.6000000000000001,0.3333333333333333,0.3333333333333333,0.0,Small
14.682611465815636,8.09101504171053,0.11092783505154638,0.2,0.0,0.0,0.0,Small
14.667796386301658,8.200013648175434,0.13676975945017184,0.2,0.0,0.0,0.0,Small
14.652758515398315,8.064950891749143,0.10515463917525772,0.2,0.0,0.0,0.0,Small
14.637491049927531,7.515889085215125,0.012783505154639191,0.2,0.0,0.0,0.0,Small
14.637491049927531,8.286773231131251,0.15945017182130583,0.0,0.0,0.0,0.0,Small
14.637491049927531,8.286773231131251,0.15945017182130583,0.4000000000000001,0.0,0.3333333333333333,0.0,Small
14.621986870259695,7.576097340623111,0.020618556701030938,0.4000000000000001,0.0,0.0,0.0,Small
14.618856978650228,8.575650760987806,0.2508591065292096,0.4000000000000001,0.0,0.0,0.0,Small
14.573977673028827,8.006700845440367,0.09278350515463918,0.2,0.0,0.0,0.0,Small
14.557448378884015,7.783640596221253,0.05154639175257733,0.4000000000000001,0.0,0.3333333333333333,0.0,Small
14.557448378884015,8.006700845440367,0.09278350515463918,0.6000000000000001,0.0,0.3333333333333333,0.0,Small
14.557448378884015,8.119993827725105,0.11752577319587629,0.2,0.0,0.0,0.3333333333333333,Small
14.488455541410652,8.137688184977605,0.12164948453608246,0.8,0.0,0.3333333333333333,0.0,Small
14.452087916136215,7.438971592395862,0.0034364261168384896,0.4000000000000001,0.0,0.3333333333333333,0.0,Small
14.452087916136215,8.202482446576537,0.13738831615120273,0.2,0.0,0.0,0.0,Small
14.433395793107085,8.003363058629947,0.09209621993127148,0.2,0.0,0.0,0.3333333333333333,Small
14.414347608503377,8.006700845440367,0.09278350515463918,0.2,0.0,0.0,0.6666666666666666,Small
14.384879203225134,7.783640596221253,0.05154639175257733,0.4000000000000001,0.0,0.0,0.0,Small
14.375126917328105,8.19450550976564,0.13539518900343642,0.2,0.0,0.0,0.0,Small
14.375126917328105,7.976251943745623,0.0865979381443299,0.4000000000000001,0.0,0.0,0.0,Small
14.375126917328105,8.25608813381491,0.1512027491408935,0.4000000000000001,0.0,0.3333333333333333,0.0,Small
